#{"t_start": 1645389438.6261501, "env_id": null}
r,l,t
0.067239,73,0.651699
0.00093,2002,13.38687
0.005466,15,21.874145
0.006746,15,22.116774
0.004469,15,22.382401
0.002423,14,22.960523
0.0,2002,27.875645
2e-05,2002,40.75793
0.000381,2002,53.582949
0.00402,2002,71.835601
0.007542,14,79.909185
0.004961,14,80.143566
0.003543,14,80.393565
0.003717,14,80.940439
0.005428,14,81.190444
0.00493,14,81.44044
0.005733,14,81.674815
0.005885,14,82.23049
0.004047,14,82.46486
0.004923,14,82.69923
0.00517,14,82.93361
0.005007,14,83.49611
0.005346,14,83.730491
0.00341,14,83.964861
0.003175,14,84.18361
0.00595,15,84.746112
0.007035,15,84.996109
0.00862,15,85.261739
0.005043,15,85.511737
0.006724,15,86.074237
0.007312,15,86.33986
0.007835,15,86.589869
0.00423,15,86.839876
0.005707,15,87.426142
0.005493,15,87.660518
0.006716,15,87.894893
0.006759,15,88.129271
0.005166,15,88.691766
0.004221,14,88.926143
0.005615,14,89.160517
0.004447,14,89.410516
0.007624,14,89.973018
0.003122,14,90.231339
0.002741,14,90.465708
0.004419,14,90.715713
0.003151,14,91.278216
0.003167,14,91.496964
0.003472,14,91.746964
0.003472,14,91.98134
0.003963,14,92.552122
0.002901,14,92.770866
0.002688,14,93.020871
0.002851,14,93.270867
0.003539,14,93.841655
0.003244,14,94.07603
0.004807,14,94.310407
0.003564,14,94.560406
0.006933,14,95.115425
0.003712,14,95.365392
0.00259,14,95.584141
0.004615,14,95.834142
0.004734,14,96.396673
0.00403,14,96.639345
0.002926,14,96.889339
0.005554,14,97.12372
0.005578,14,97.654964
0.006276,14,97.897772
0.004466,14,98.132151
0.003439,14,98.382146
0.005058,14,98.92653
0.003561,14,99.160904
0.003343,14,99.388062
0.007472,14,99.62244
0.005284,14,100.17017
0.003739,14,100.404551
0.004695,14,100.648008
0.003153,14,100.896051
0.006142,14,101.458552
0.003008,14,101.677301
0.003893,14,101.919988
0.006047,14,102.138743
0.005117,14,102.701243
0.003031,14,102.951239
0.004084,14,103.185613
0.00276,14,103.428297
0.002409,14,103.990788
0.002675,14,104.240793
0.003626,14,104.47517
0.004375,14,104.717894
0.005979,14,105.280373
0.006027,14,105.514746
0.004467,14,105.757367
0.003712,14,106.000192
0.003711,14,106.531451
0.003874,14,106.765826
0.003889,14,106.984576
0.006785,14,107.234575
0.002739,14,107.790352
0.003781,14,108.009103
0.004668,14,108.259103
0.004074,14,108.49348
0.004626,14,109.018005
0.004904,14,109.268005
0.006991,14,109.502381
0.003294,14,109.736755
0.005298,14,110.307457
0.003165,14,110.557457
0.003501,14,110.791832
0.004195,14,111.041832
0.006282,14,111.597573
0.006348,14,111.831948
0.003662,14,112.066324
0.004681,14,112.300699
0.003297,14,112.871602
0.003566,14,113.121567
0.004811,14,113.355943
0.004775,14,113.590317
0.006612,14,114.146901
0.003049,14,114.374366
0.003181,14,114.593116
0.003767,14,114.843116
0.004723,14,115.394203
0.005779,14,115.605746
0.003111,14,115.840121
0.004154,14,116.090121
0.002811,14,116.652658
0.003037,14,116.911633
0.003729,14,117.146045
0.002889,14,117.396047
0.004058,14,117.958545
0.004233,14,118.192922
0.004008,14,118.435623
0.003966,14,118.670002
0.004932,14,119.21687
0.003496,14,119.451246
0.002276,14,119.678354
0.004454,14,119.928355
0.004395,14,120.490855
0.005221,14,120.693978
0.00467,14,120.928361
0.002819,14,121.171653
0.002256,14,121.734154
0.003227,14,121.968532
0.003431,14,122.202907
0.003799,14,122.445966
0.005641,14,123.008462
0.002089,14,123.242837
0.004504,14,123.469765
0.004655,14,123.704144
0.006863,14,124.259365
0.004104,14,124.493741
0.006588,14,124.728115
0.003206,14,124.96249
0.003646,14,125.517664
0.002501,14,125.767664
0.003796,14,126.002038
0.00977,14,126.236414
0.005741,14,126.799972
0.003543,14,127.018751
0.006617,14,127.268722
0.004686,14,127.518722
0.003152,14,128.074582
0.002489,14,128.324582
0.003448,14,128.574582
0.004335,14,128.793333
0.00404,14,129.349017
0.005212,14,129.599017
0.005476,14,129.833392
0.004807,14,130.052173
0.006036,14,130.607925
0.004951,14,130.81105
0.004447,14,131.072184
0.006062,14,131.283399
0.0026,14,131.830274
0.002777,14,132.089015
0.002921,14,132.343539
0.003263,14,132.566428
0.004609,14,133.128927
0.003973,14,133.356414
0.006651,14,133.575164
0.002158,14,133.809539
0.005626,14,134.372039
0.002712,14,134.606414
0.006116,14,134.865149
0.005328,14,135.099557
0.002927,14,135.662024
0.003383,14,135.912024
0.004786,14,136.155245
0.002494,14,136.40528
0.003984,14,136.952151
0.003257,14,137.18653
0.002447,14,137.429328
0.003885,14,137.679326
0.004883,14,138.226201
0.003452,14,138.460576
0.006762,14,138.679328
0.002533,14,138.937586
0.004164,14,139.468835
0.004334,14,139.703212
0.003636,14,139.953209
0.003243,14,140.195896
0.00317,14,140.742768
0.00326,14,140.961518
0.003182,14,141.211519
0.002944,14,141.454309
0.003584,14,142.001179
0.003792,14,142.235555
0.005209,14,142.469929
0.002425,14,142.735559
0.006306,14,143.290724
0.005446,14,143.525101
0.004509,14,143.775103
0.004098,14,143.99385
0.004444,14,144.549067
0.005827,14,144.799068
0.004321,14,145.017822
0.003353,14,145.25951
0.005732,14,145.799071
0.004438,14,146.033453
0.002937,14,146.24565
0.0039,14,146.495625
0.004372,14,147.051266
0.003615,14,147.27874
0.003321,14,147.528741
0.005675,14,147.763116
0.003491,14,148.302807
0.003567,14,148.552807
0.0037,14,148.787182
0.006578,14,149.021559
0.005422,14,149.584057
0.002792,14,149.811681
0.003323,14,150.03043
0.004371,14,150.276066
0.005023,14,150.838566
0.004397,14,151.06578
0.005045,14,151.315777
0.00589,14,151.550152
0.002234,14,152.097027
0.003682,14,152.350666
0.003143,14,152.574588
0.005123,14,152.824588
0.003304,14,153.355839
0.003309,14,153.605839
0.003531,14,153.833439
0.002663,14,154.067814
0.002837,14,154.630314
0.005818,14,154.864689
0.01133,17,155.123624
0.008854,14,155.358
0.003047,14,155.9205
0.002869,14,156.1705
0.004522,14,156.42053
0.003364,14,156.647615
0.008612,14,157.194491
0.004221,14,157.413241
0.005276,14,157.647617
0.004143,14,157.890533
0.009248,14,158.468656
0.005207,14,158.703033
0.004095,14,158.937404
0.007792,14,159.180201
0.00282,14,159.71145
0.0045,14,159.961452
0.004886,14,160.202231
0.002756,14,160.452228
0.003289,14,161.007376
0.004897,14,161.25738
0.003403,14,161.497528
0.00322,14,161.731913
0.005456,14,162.287056
0.00364,14,162.537048
0.005695,14,162.787055
0.004367,14,163.021428
0.003908,14,163.576621
0.005771,14,163.82662
0.003862,14,164.060996
0.00392,14,164.295367
0.004019,14,164.850576
0.002799,14,165.084952
0.002961,14,165.3037
0.002562,14,165.553704
0.003954,14,166.108885
0.006034,14,166.343231
0.003445,14,166.577606
0.003025,14,166.827606
0.003909,14,167.383268
0.003434,14,167.617644
0.003568,14,167.867643
0.006602,14,168.086394
0.004402,14,168.648893
0.003159,14,168.89218
0.002936,14,169.126556
0.003815,14,169.360934
0.004943,14,169.923431
0.003708,14,170.166672
0.005615,14,170.416672
0.004518,14,170.651047
0.006151,14,171.197922
0.002651,14,171.441127
0.003741,14,171.675502
0.003257,14,171.909877
0.003725,14,172.472377
0.002391,14,172.706752
0.004616,14,172.934302
0.002418,14,173.153052
0.007011,14,173.699927
0.004512,14,173.949927
0.002985,14,174.193141
0.002695,14,174.44314
0.003192,14,174.990016
0.00374,14,175.230726
0.006405,14,175.4651
0.003385,14,175.676504
0.002479,14,176.239035
0.00375,14,176.489037
0.007049,14,176.707784
0.005419,14,176.934982
0.005061,14,177.497476
0.004062,14,177.716229
0.004622,14,177.966232
0.005409,14,178.200603
0.006384,14,178.755792
0.005444,14,179.005795
0.003742,14,179.255791
0.004983,14,179.490168
0.003121,14,180.04531
0.004145,14,180.27969
0.003636,14,180.514059
0.004128,14,180.764063
0.003631,14,181.303584
0.002471,14,181.537965
0.002913,14,181.772342
0.002051,14,182.022343
0.007535,14,182.577487
0.00415,14,182.811863
0.005406,14,183.030617
0.004005,14,183.280611
0.002967,14,183.851309
0.003253,14,184.070059
0.004528,14,184.304435
0.003712,14,184.554432
0.004759,14,185.094773
0.003238,14,185.327584
0.003177,14,185.561956
0.00539,14,185.796331
0.002684,14,186.358803
0.004601,14,186.586395
0.003031,14,186.836395
0.002591,14,187.07077
0.003261,14,187.633302
0.004,14,187.86022
0.003213,14,188.094595
0.003675,14,188.344595
0.00367,14,188.907095
0.00265,14,189.11022
0.009407,14,189.337837
0.00637,14,189.572212
0.003696,14,190.134713
0.003417,14,190.353462
0.003015,14,190.596349
0.00265,14,190.846349
0.002956,14,191.39322
0.003757,14,191.627594
0.004115,14,191.87549
0.004207,14,192.094243
0.006588,14,192.656744
0.005986,14,192.875494
0.00426,14,193.109869
0.004468,14,193.353038
0.004589,14,193.915539
0.00355,14,194.165539
0.005182,14,194.368663
0.004441,14,194.62764
0.003994,14,195.167288
0.003705,14,195.401631
0.0057,14,195.636005
0.003956,14,195.870381
0.004855,14,196.426045
0.002374,14,196.676046
0.004254,14,196.910423
0.002301,14,197.144794
0.004519,14,197.715566
0.004293,14,197.934336
0.003392,14,198.168716
0.003979,14,198.418717
0.003691,14,198.973906
0.003603,14,199.208284
0.003587,14,199.442666
0.007562,14,199.692668
0.004615,14,200.232829
0.005611,14,200.482826
0.003784,14,200.732825
0.007488,14,200.982824
0.004951,14,201.538011
0.003624,14,201.788014
0.003614,14,202.006763
0.006216,14,202.241138
0.004397,14,202.811999
0.005715,14,203.030751
0.003888,14,203.280754
0.004162,14,203.515124
0.0045,14,204.077631
0.003469,14,204.320333
0.003795,14,204.554707
0.003232,14,204.78908
0.002998,14,205.342692
0.005798,14,205.585105
0.008606,14,205.850733
0.003913,14,206.085103
0.003837,14,206.631952
0.002855,14,206.875225
0.002682,14,207.109607
0.005031,14,207.359607
0.003891,14,207.953356
0.002896,14,208.20336
0.004309,14,208.446683
0.006063,14,208.712308
1.119465,34,209.361787
0.064559,21,209.713855
0.068299,23,210.010731
5.833701,44,210.385729
0.011673,18,211.128462
0.620734,31,211.456586
0.057749,20,211.81596
0.018098,18,212.128461
0.012949,17,212.746058
0.0095,16,213.042934
0.006578,16,213.324183
0.007423,16,213.574183
0.006269,16,214.161134
0.004705,15,214.411133
0.005628,15,214.661133
0.00636,16,214.934788
0.00662,16,215.542261
0.010882,17,215.807884
0.012693,16,216.057886
0.007306,17,216.354765
0.024768,17,216.973095
0.023938,18,217.254372
0.009062,17,217.504367
0.007211,17,217.778161
0.015459,18,218.387535
0.014798,18,218.668784
0.016386,18,218.950032
0.016391,18,219.223921
0.022818,17,219.817671
0.014969,19,220.09892
0.059976,21,220.386878
0.022831,19,220.660835
0.01849,19,221.270206
0.045076,21,221.56709
0.084797,22,221.872157
0.262587,25,222.169215
0.0,2002,230.322318
0.296219,2002,248.662889
0.001083,2002,265.057745
0.0,2002,280.302934
0.0,2002,303.593343
1e-06,2002,316.447292
0.059295,196,325.605724
1.09532,2002,336.232389
1.116694,52,354.812726
0.164811,32,355.274105
0.249583,28,355.617855
7.631669,109,356.251665
0.15075,27,357.376665
0.292954,29,357.704787
0.342966,29,358.057383
0.479696,32,358.432383
1.091261,37,359.182382
0.099252,23,359.557383
1.121758,34,359.901133
0.03711,22,360.275151
0.286822,32,360.965013
0.031338,20,361.286218
0.884266,37,361.598719
0.127984,25,361.973719
1.159861,38,362.692469
0.075386,25,363.083126
0.372306,28,363.411247
0.687602,35,363.786257
1.580641,36,364.551876
0.048807,21,364.864375
1.448271,38,365.227959
0.267551,29,365.619726
0.575424,30,366.330998
1.056864,34,366.706002
0.579899,30,367.089199
0.320159,28,367.439118
1.402513,37,368.175681
2.283021,40,368.597561
3.828042,46,369.027849
0.073553,25,369.449723
10.735152,57,370.176786
1.62112,37,370.6675
0.153394,26,371.049538
0.179664,29,371.378747
1.497123,35,372.105823
4.037466,61,372.605829
1.792273,43,373.114135
2.805069,59,373.614135
133.560063,164,374.921058
0.416056,76,375.941615
0.057956,34,376.50412
0.701568,73,377.04428
2.022337,47,378.184902
4.947017,43,378.646298
3.334014,79,379.224424
69.245824,75,379.920733
0.442297,31,380.873888
0.36348,31,381.241553
0.714723,32,381.600928
3.079434,42,382.007178
1.690813,40,382.9066
0.352,32,383.312854
0.820216,36,383.687854
16.37558,63,384.180574
4.806711,43,385.118078
17.218443,52,385.578254
5.307553,47,386.07825
1.467612,35,386.523923
10.970055,55,387.398958
9.284866,51,387.922818
4.468869,95,388.59472
3.163887,89,389.408336
2.766297,63,390.502083
1.25217,40,391.025985
9.806586,77,391.557261
8.076966,57,392.174995
105.385005,169,393.495788
2.21601,47,394.511384
13.089658,81,395.097882
5.016412,56,395.754104
1.378566,41,396.684315
0.477064,32,397.074938
2.071167,43,397.505729
1.764261,41,397.958854
4.635069,50,398.889664
0.743702,35,399.342789
27.43848,63,399.788633
3.196203,43,400.317769
9.983331,53,401.192739
3.800936,43,401.669945
12.088637,60,402.169982
85.006556,79,402.81057
14.624286,58,403.850657
310.856384,99,404.523456
6.954859,53,405.219512
80.435595,98,405.88964
329.973713,263,407.632304
2.161706,63,408.992624
2.020271,54,409.539497
0.854794,46,410.047811
2.047253,53,411.140547
1.356397,51,411.656171
60.328381,120,412.390545
2.58385,48,413.148883
22.553822,85,414.267222
4.771264,62,414.923472
1.03572,43,415.447374
2.764083,47,415.916123
1.140937,39,416.815146
12.584807,73,417.351914
16.313564,63,417.970174
68.366078,116,418.720174
6.663657,48,419.971893
1.676708,41,420.448382
34.858486,74,420.941115
1.780903,40,421.527917
153.008023,144,422.818012
20.356313,65,423.701297
4.732028,55,424.257041
16.336861,62,424.796574
23.907364,70,425.824578
12.085782,55,426.426782
23.511072,63,426.973689
0.953284,36,427.481987
9.756701,56,428.325707
0.746426,36,428.787243
110.494914,90,429.342335
32.844022,65,430.029867
8.113572,49,431.013171
5.633552,50,431.505718
2.470857,42,431.974505
3.64894,42,432.412004
1.299709,42,433.295294
8.935864,58,433.779667
3.19421,46,434.303584
1.013143,37,434.741056
3.08617,46,435.600339
333.017303,107,436.235106
87.369611,85,437.103401
31.438859,63,437.775277
372.559075,360,439.730054
8.352734,67,441.491753
8.202751,57,442.085469
3.976452,64,442.687593
5.132015,57,443.899581
63.871619,128,444.680835
10.364047,61,445.517409
195.936205,129,446.283032
2.52174,44,447.650771
4.998693,57,448.15914
142.752546,112,448.846642
2.523352,49,449.589347
11.012191,72,450.6133
0.322665,35,451.160174
1.886565,46,451.597675
3.915268,53,452.106098
59.231302,93,453.199849
19.238792,70,453.911285
12.722995,64,454.536284
12.863914,70,455.154124
2.921243,52,456.287527
31.036588,76,456.881278
18.994579,72,457.546457
1.056088,40,458.077706
1.668292,44,458.92972
29.01494,74,459.49222
1.733305,44,460.070346
3.143293,43,460.514462
9.05448,57,461.405087
4.088766,50,461.913875
19.595623,71,462.476375
118.154024,91,463.172184
43.220962,89,464.352852
0.719609,36,464.977852
59.816707,84,465.515491
24.403369,70,466.21129
0.591652,36,467.148106
1.783121,39,467.569983
2.296686,40,467.991858
0.742486,37,468.406463
1.03505,37,469.218961
2.07057,41,469.640848
1.331131,41,470.055266
1.266626,39,470.49275
1.446455,39,471.344786
1.867982,39,471.818297
0.812782,35,472.253609
1.341787,38,472.66928
16.423881,66,473.591147
13.424708,56,474.178126
1.211107,40,474.662501
2.181022,40,475.084378
10.677914,52,475.977968
17.068722,58,476.518071
63.557984,89,477.167701
1.415392,40,477.792699
1.252821,40,478.645185
1.903132,41,479.082683
18.287104,59,479.575865
49.625631,67,480.18524
2.005033,40,481.131658
1.517232,44,481.569158
28.627691,72,482.124835
3.803481,41,482.67171
1.707677,37,483.508149
21.605519,69,484.023803
1.218256,40,484.586274
0.919347,37,485.016942
5.52132,50,485.873993
2.467458,43,486.351053
31.711538,66,486.890483
0.45884,37,487.407035
1.514912,41,488.235164
24.690154,64,488.735164
1.036503,37,489.236217
11.428151,66,489.751842
123.130783,95,490.869586
2.602335,41,491.534119
0.723138,40,491.971621
112.578988,82,492.526869
6.835994,51,493.581886
22.023939,67,494.160012
25.24508,61,494.762037
1.998897,43,495.293284
116.923247,81,496.286
4.584613,48,496.895348
0.020616,2002,502.075425
0.122489,36,510.0532
0.157248,45,511.077173
20.695383,98,511.733418
383.21075,197,512.874046
123.466082,99,514.108417
19.546012,74,515.484213
103.674232,120,516.304959
1250.717737,566,518.672591
2.719253,49,521.290219
3.635862,66,522.383937
113.565516,160,523.321465
165.296848,220,524.83024
122.625817,225,526.58079
295.604965,126,528.67606
345.106876,116,529.700468
2.957778,46,530.434874
125.507845,98,531.075004
57.264488,90,532.404929
22.327102,77,533.163178
22.939461,80,533.868172
1.667364,50,534.493149
895.452329,306,536.27897
114.461974,108,537.937511
4.450206,60,538.687484
0.417539,33,539.171859
9.432974,80,540.093734
143.570209,159,541.014321
384.183745,177,542.295571
24.446594,74,543.366293
12.180088,109,544.663198
96.289913,92,545.499628
8.57171,70,546.233973
17.821148,76,546.890222
1.090544,46,547.992378
251.578939,218,549.016845
198.213655,105,550.306373
28.530862,96,551.16575
15.931747,116,552.564654
1.544451,51,553.338479
3.303042,57,553.885354
36.856778,109,554.596759
12.83734,82,556.065436
31.961555,110,556.870562
257.45846,132,557.839281
81.722758,118,558.897299
61.137721,86,560.323846
10.702441,52,560.988959
6.350417,46,561.493358
1.284903,38,561.946483
17.010115,66,562.971028
36.332566,76,563.627278
201.688057,128,564.479904
179.116336,102,565.449437
22.678654,64,566.700932
7.350735,49,567.263433
18.813472,65,567.803551
89.79898,85,568.491051
222.410262,85,569.718762
61.125373,88,570.481096
3.933309,54,571.14566
2.113458,43,571.64566
126.535596,103,572.779572
13.602971,59,573.522422
4.205205,50,574.038049
10.113551,56,574.577521
180.2755,87,575.700297
32.439377,76,576.427439
150.930069,98,577.177438
10.508601,59,577.9045
26.738976,74,579.030249
265.296908,97,579.764618
14.337323,65,580.497788
25.189008,71,581.138414
12.152183,56,582.240979
14.307419,59,582.812439
47.793602,72,583.414967
79.938928,81,584.126423
8.322058,50,585.282678
140.188644,88,585.827796
3.587059,49,586.484043
21.83991,70,587.024142
204.27379,101,588.267321
13.896469,60,589.001699
44.069436,80,589.634614
5.095721,58,590.290894
22.995662,65,591.366048
11.290863,68,592.006674
5.051264,46,592.561803
33.585543,67,593.094532
22.496392,63,594.20597
36.643381,70,594.81534
7.879241,48,595.38952
20.621982,65,595.920772
6.638419,58,597.023422
7.904342,56,597.585922
6.885318,52,598.109605
226.914715,100,598.774184
216.444351,101,600.110626
193.84281,97,600.945733
6.48056,51,601.664483
32.649153,64,602.219803
40.661029,73,603.3537
98.015377,78,604.056825
36.012873,75,604.75326
14.084302,56,605.393885
40.268083,69,606.512112
24.284706,70,607.161123
53.333163,70,607.779561
46.636914,71,608.435811
21.980102,64,609.569551
24.624366,69,610.187838
33.039962,71,610.847459
2.704714,44,611.418222
13.950184,57,612.426406
8.308293,59,612.981575
2.556522,48,613.528447
32.828648,65,614.075327
17.544109,63,615.192883
63.195857,76,615.81058
24.921039,67,616.482463
34.828065,74,617.162705
50.206059,78,618.367286
761.023898,126,619.148547
14.502964,54,619.969373
32.295544,68,620.557213
217.702454,109,621.81544
6.169959,51,622.573812
10.757647,77,623.151938
4.908423,51,623.770287
173.636432,90,624.926537
31.358792,73,625.669789
9.899866,55,626.279161
15.358589,60,626.850473
5.448386,52,627.929533
373.175839,141,628.710782
9.163255,66,629.609739
31.491132,68,630.250363
294.469389,110,631.476008
101.706858,85,632.327926
7.659805,52,632.976743
11.816866,57,633.500695
16.403005,63,634.587116
9.799334,59,635.165239
4.731508,52,635.712114
93.324958,90,636.360982
0.00173,2002,642.056648
6.459833,54,650.12247
25.32138,75,650.725087
151.935429,118,651.54829
239.170208,113,653.02533
6.102485,57,653.783652
265.571627,134,654.580529
233.971346,133,655.654882
947.634163,172,657.375032
224.325209,102,658.500034
42.488622,75,659.258483
41.219547,71,659.946533
737.483052,179,661.432754
894.553644,211,662.903343
304.37638,179,664.427825
50.690173,99,665.577414
33.85405,89,666.938871
8.642929,59,667.63461
49.176868,81,668.252672
521.453481,212,669.424552
805.540747,175,671.504151
496.580284,191,672.934366
4.447351,59,674.020821
57.120576,78,674.645824
28.592556,71,675.826
62.150914,92,676.521802
102.801566,99,677.334306
168.827791,124,678.264608
12.847887,67,679.61673
10.873097,62,680.226111
325.950502,139,681.038636
1088.628737,184,682.297462
108.603399,113,684.102777
19.645855,73,684.93917
61.705894,90,685.657884
138.999599,132,686.603751
21.695284,69,688.034062
522.905864,166,688.949216
201.163457,125,690.113821
209.98592,146,691.207546
27.622872,71,692.763283
25.640519,66,693.397092
135.957934,105,694.115872
13.536936,61,694.827254
2148.166288,182,696.295222
4.434842,66,697.366117
17.397308,64,697.959868
161.411929,161,698.890191
30.00334,88,700.492355
128.331847,79,701.23506
9.490923,57,701.875712
72.349951,92,702.555899
89.846768,96,703.907926
568.165911,127,704.798512
0.06015,36,705.556772
1994.201238,272,706.674446
50.533741,80,708.698393
189.227322,132,709.56608
1026.455918,188,710.847314
629.68171,162,712.199834
2086.187749,279,714.374846
334.545724,179,716.183127
322.726084,137,717.448752
3.227969,55,718.292503
3.760822,55,719.363179
129.306666,120,720.074646
28.269883,89,720.973527
1468.18832,167,721.99743
114.686734,130,723.740157
512.686822,190,724.982655
461.800762,156,726.382231
12.508038,83,727.415089
352.79559,138,728.908417
2870.85346,331,730.623904
59.26956,82,732.30412
170.568754,154,733.281712
1612.193206,295,735.453079
127.861743,131,737.164611
182.938053,119,738.164616
455.559015,163,739.289612
139.356601,124,740.969839
18.120814,84,741.8531
1294.642987,191,742.908226
1915.240673,270,744.665643
859.879987,218,747.095877
469.645184,193,748.674035
3225.619781,309,750.526696
28.709082,69,752.09757
3823.707194,303,754.043587
335.557983,181,755.902456
16.131264,97,757.058705
131.311633,136,757.996176
324.753814,201,759.895215
3267.091415,332,761.872302
29.975935,71,763.505461
22.672767,65,764.161711
124.32263,160,765.654402
14.945517,2002,773.843624
1503.260914,337,782.84086
2692.701024,280,785.168986
1295.020766,263,787.76418
163.591309,141,789.366276
274.912706,166,790.607595
472.25192,206,792.03782
579.841153,263,794.726849
191.839972,137,796.295402
56.964485,88,797.272576
26.876978,74,798.006948
501.393855,176,799.555938
34.834406,96,800.717562
53.448853,96,801.538308
217.698036,243,802.984593
15.708284,74,811.505037
129.089787,163,812.489412
262.491611,159,813.794609
135.004826,115,814.912796
38.125974,81,816.327401
997.509027,149,817.202402
302.014425,160,818.445153
20.770911,63,819.422281
310.935454,161,820.884704
92.959214,97,821.97119
184.44979,150,822.97952
688.228401,171,824.222185
18.050868,72,825.784835
649.286656,169,826.753553
770.637764,235,828.308619
46.71067,104,829.707463
324.655562,145,831.770036
0.067705,43,832.622146
1583.184792,317,833.974187
0.037884,30,835.43564
1041.463668,217,837.240872
977.853315,243,838.999214
1056.396345,234,840.835563
9.543599,65,842.116857
309.499479,137,843.476222
14.129411,78,844.406449
2643.567341,331,845.805335
1175.321688,235,847.962677
367.293138,166,850.111629
154.90379,126,851.299244
3.467377,55,852.12058
10.637359,63,852.68308
216.428852,120,853.988969
59.25228,86,854.888559
1959.963212,266,856.20979
846.155655,218,858.109179
0.921562,45,860.055031
673.308607,187,860.967125
5144.46493,373,862.959728
7761.323319,409,865.796264
5408.647666,444,869.721303
0.980453,57,871.807756
74.184996,114,872.557757
1168.70419,248,873.917131
13.983249,83,875.886963
1775.992786,243,877.114031
2934.218797,348,879.309797
82.24573,125,881.247298
3.149696,62,882.958592
2117.640287,355,884.451173
348.637553,226,886.733882
650.579457,223,888.445325
359.751918,131,890.455227
159.464572,143,891.569979
7372.734676,464,893.750172
224.637591,152,896.212516
208.171409,130,898.354537
2575.551638,280,899.883355
378.532307,200,901.766662
67.206975,108,903.040719
985.687846,263,905.19792
89.46063,118,906.737519
2.099125,54,907.518768
19.105665,68,908.120905
132.795215,114,909.426022
212.56235,177,910.606736
2118.072881,285,912.302569
3116.205613,380,914.7574
12.854394,71,917.194095
1660.255749,208,918.287845
25.846879,71,919.475342
1185.682134,245,920.67069
3403.069312,344,923.413455
1215.95528,238,925.671794
13.625079,64,926.977056
1073.629667,224,928.063494
93.748029,120,930.042322
61.344331,87,930.941326
4444.509931,305,932.387211
703.002413,168,934.239207
14.551337,66,935.810019
84.726786,135,936.646905
1591.192739,259,938.140283
1307.849185,248,940.094499
7497.563994,446,943.334943
197.939258,153,945.717903
206.637878,116,946.835592
2380.496014,251,948.234492
3868.635959,264,950.719833
14.178006,67,952.12686
80.314251,96,952.82999
104.440329,77,953.588321
962.783085,209,955.205953
309.949365,186,956.729857
0.0,2002,964.772525
14.412215,69,973.060652
11.249597,65,974.216899
62.670589,85,974.888777
200.380777,117,975.73253
38.253348,93,976.66273
3813.596865,361,979.164993
1584.145133,312,981.733642
393.45787,155,983.593014
79.661023,119,984.742328
1886.790066,320,986.860518
182.262014,149,988.775183
169.750993,121,989.915808
1381.082197,223,991.258583
72.536285,97,993.603429
324.020201,206,994.755206
107.25919,147,996.216594
1.978566,46,997.122844
119.756708,103,998.224898
4487.054283,360,999.905087
6.829666,45,1001.594202
7915.423497,388,1003.086973
7720.004124,414,1007.081647
6959.565707,526,1010.511791
7732.336039,413,1014.004405
559.229475,257,1016.653392
0.0,2002,1025.905851
102.897296,108,1034.30486
7308.943077,471,1036.310911
0.0,2002,1045.83151
281.869794,162,1062.122655
376.268461,159,1063.388312
5592.363165,409,1065.505928
1429.070534,275,1068.125067
305.579323,141,1070.352052
3751.504836,310,1072.03283
7504.565057,445,1074.756641
26.994974,2002,1084.380188
99.95507,120,1093.379502
1014.58387,185,1094.559631
963.318932,251,1096.294038
828.87427,234,1098.232327
6378.814889,620,1101.888684
14.635583,64,1104.709995
308.139534,138,1105.50684
7177.812488,492,1107.828324
6985.455716,522,1112.108205
243.961193,125,1114.717575
1097.222529,296,1116.34372
291.262948,148,1118.14282
933.548704,222,1120.119984
214.230088,140,1121.581603
773.907904,230,1123.027395
112.597332,107,1124.426357
42.523489,2002,1133.07826
7844.40514,395,1142.351231
1810.937239,281,1144.929356
151.77613,131,1146.616826
271.614378,108,1148.714391
1298.886429,231,1150.003974
740.813902,195,1151.664627
392.736891,155,1153.063461
227.744584,123,1155.249243
106.660221,108,1156.227442
136.978488,118,1157.196163
735.509955,162,1158.298336
39.335493,83,1160.455395
158.008831,104,1161.243989
1081.601944,216,1162.494911
0.129857,148,1163.987517
11.685837,2002,1172.824791
286.566667,159,1181.388826
104.902389,96,1182.451324
389.368597,214,1183.685699
940.087731,216,1186.82728
3108.586052,269,1188.694979
163.214809,134,1190.313381
266.591526,129,1191.391138
6229.120838,646,1195.961586
3123.201428,1417,1204.969462
7307.28154,473,1212.187245
708.085578,239,1214.937243
51.747342,2002,1225.087568
4932.807579,483,1234.760613
1177.534047,245,1237.574513
7518.588206,443,1240.076188
6613.883004,581,1244.873912
27.171296,2002,1254.966167
53.016761,2002,1268.193735
7900.171511,389,1277.44257
58.074125,93,1280.489411
1543.560711,211,1281.631541
611.945943,187,1283.209697
1914.570424,219,1284.78888
4.17321,63,1287.148332
568.982979,180,1288.109663
1229.324441,245,1289.742904
6493.406702,598,1292.812695
7393.383838,461,1297.323124
121.03607,120,1299.651222
1820.633789,324,1301.293241
138.361776,143,1303.184587
7306.823591,471,1305.973196
5.434647,70,1308.240908
486.269518,190,1309.260759
6999.751126,517,1311.824599
390.139554,130,1315.580392
6247.453306,641,1318.357697
3734.787886,396,1322.271821
1627.477295,352,1325.179053
3158.253841,279,1328.100814
2056.914768,249,1330.14624
122.94692,134,1331.728188
164.173277,136,1332.861688
7790.42678,405,1335.259374
7834.300832,399,1338.268721
711.095072,198,1340.621544
529.787013,200,1342.201972
459.435205,162,1344.180067
177.855095,113,1345.351942
455.599453,167,1346.468132
68.733585,112,1347.640005
392.033542,183,1349.391559
394.436522,165,1350.778393
2911.88731,364,1352.692989
396.930369,166,1354.828376
393.619987,165,1357.287755
5037.741455,338,1359.156313
7710.605791,413,1361.842752
4536.742025,287,1364.523428
6817.244583,542,1368.743094
45.265859,98,1371.339041
753.425662,218,1372.577569
174.772034,169,1374.142198
271.662752,136,1375.949134
134.427662,130,1377.051544
444.849931,170,1378.247607
7442.653912,452,1380.498845
7497.563994,446,1384.942261
7593.685172,431,1388.179359
58.253873,82,1390.298567
85.974613,131,1391.19776
10.29296,58,1392.614618
269.688325,190,1393.576025
709.076241,145,1394.912388
525.911743,174,1396.200164
161.017401,117,1397.935491
71.171291,95,1398.827442
7311.157576,473,1400.785435
1251.053031,153,1403.279142
115.242111,165,1405.115642
87.227426,93,1406.193861
79.893174,96,1406.999249
302.550091,138,1407.976331
29.75325,81,1409.492274
5028.04224,327,1410.969294
3660.113547,354,1413.5168
8311.227233,336,1416.079299
333.459241,158,1419.055594
54.738331,88,1420.102412
7002.336239,519,1422.258648
4586.328056,322,1425.463268
173.383884,140,1428.07585
443.508595,159,1429.271849
3735.76668,268,1430.863725
116.799001,127,1432.512486
350.269135,140,1434.607242
153.267759,147,1435.792325
317.302413,138,1436.9684
392.821946,164,1438.166393
119.037318,119,1440.153944
380.458631,170,1441.318594
944.891085,245,1442.874861
359.524809,194,1444.618175
6267.981078,286,1447.162657
12.019919,67,1448.6555
1589.026046,229,1449.774456
257.923438,143,1451.314584
8398.892694,324,1453.779007
7692.64203,418,1456.459452
1095.402685,235,1458.990703
467.577661,169,1460.625452
4856.506192,338,1463.220718
3103.316292,256,1465.487695
7397.327474,458,1468.054187
250.649606,143,1470.455251
408.081455,148,1472.39512
28.308388,82,1473.403502
8179.558723,353,1474.930586
3537.54442,324,1477.499738
227.334371,116,1480.281955
488.315956,203,1481.546904
7732.113583,410,1483.727077
205.856392,139,1485.916821
80.222148,121,1487.768835
451.242466,181,1488.966316
128.448957,152,1490.338172
6781.527052,246,1491.902907
615.535763,192,1494.653296
72.514376,98,1495.880244
56.562204,117,1496.794806
126.501704,136,1497.866272
145.887294,114,1499.679861
990.815853,199,1500.891321
230.48393,142,1502.25964
932.651641,224,1503.674201
207.307674,112,1505.792683
5190.685808,379,1507.551703
1693.034823,284,1510.056119
133.416433,161,1511.871992
36.682081,87,1513.709019
7372.734676,464,1515.624315
3721.163851,315,1518.632039
2849.287729,345,1521.125259
7719.647201,413,1524.875262
113.326282,97,1526.936614
4404.070665,468,1528.929754
136.890019,143,1531.391923
281.943634,173,1533.438802
1010.734544,206,1534.916605
2080.047859,277,1536.738136
1592.143653,268,1538.863135
6611.691227,408,1542.075388
1243.934111,285,1544.731649
7414.095041,458,1547.419799
1644.273453,246,1550.138522
6374.282782,309,1553.148684
7525.610305,442,1555.906906
225.820794,144,1558.264308
2413.175737,332,1560.038939
3374.430231,311,1563.43136
7209.752651,488,1566.384513
7792.061674,403,1569.707614
7370.636628,462,1572.919231
926.636992,172,1576.155493
316.277603,154,1577.499243
6669.156308,572,1580.054981
222.924139,191,1583.095165
474.954023,171,1585.540952
3385.888284,345,1587.455447
149.460727,111,1589.323694
7083.470827,507,1591.505085
86.80653,99,1595.006749
6906.222305,533,1597.209434
7276.878492,476,1600.952621
6865.155212,538,1604.703355
7398.208589,460,1609.330471
210.229379,177,1611.870709
1195.972402,285,1613.660874
1962.887871,325,1616.03797
7427.937068,456,1619.90644
2941.356123,376,1623.037075
91.505634,105,1625.021449
677.978458,197,1626.208954
4818.409046,432,1629.562572
7116.470612,502,1632.968057
7871.006612,394,1636.338576
7624.660583,428,1639.433609
582.372073,154,1642.817006
7710.671544,416,1644.879505
110.070381,92,1646.981884
1755.562034,304,1648.474884
7174.603049,493,1652.429322
7209.752651,488,1656.094395
6107.713572,667,1660.233719
2337.293749,465,1664.560889
630.823907,190,1668.131774
7459.926452,450,1670.411626
7745.73108,410,1673.592878
7129.716795,500,1676.968333
5402.041939,534,1681.79066
1189.396352,246,1684.827247
3125.765306,371,1687.140585
6561.797026,587,1690.650063
7331.62173,470,1695.65989
6662.990235,573,1699.527802
8057.663545,369,1703.136004
126.529419,142,1705.229752
7596.218862,432,1708.239295
525.974128,186,1710.686615
7304.349823,474,1713.092869
453.005822,152,1715.58626
5822.91357,379,1718.526069
7311.877659,471,1721.680002
6908.095338,534,1725.407032
3627.980192,284,1728.571692
7262.702506,478,1732.25293
7638.924163,426,1735.636775
7407.184402,459,1738.894978
4308.044309,376,1742.107082
7196.346556,490,1746.410594
776.563902,202,1749.152498
7574.962107,435,1751.45806
7812.3309,402,1754.560098
141.761625,142,1757.772288
847.896815,308,1759.459785
7345.298646,468,1762.327914
7696.264612,418,1765.642596
3740.930891,346,1769.534876
1947.731964,275,1771.934521
5008.931027,538,1774.942761
7511.573126,444,1778.663333
183.905334,152,1782.203107
7123.090392,501,1784.501674
7624.660583,428,1787.948216
6888.899859,537,1791.541935
8053.34591,368,1795.910021
118.928338,117,1797.89435
7653.216299,424,1799.834064
1729.517074,338,1802.790275
2704.588437,282,1806.105263
7429.755316,455,1808.795064
8427.967636,321,1811.701313
6991.944415,521,1814.837489
2227.540272,288,1818.977882
3450.964218,451,1821.712255
6172.115133,656,1825.751667
299.327995,146,1828.971426
458.296011,176,1831.27657
1911.586027,320,1833.167434
7952.593462,383,1835.792429
5619.495611,458,1838.93454
7429.766937,455,1843.215706
7290.754723,476,1846.653332
681.934965,239,1849.427351
7004.941297,519,1852.178877
7490.472533,446,1856.781254
7640.595166,424,1860.015599
6926.567179,530,1863.557313
7044.088268,513,1867.434866
7129.716795,500,1872.138528
7215.54888,487,1875.834349
7805.641629,400,1879.107799
6859.904609,540,1882.57752
7044.088268,513,1887.218945
6063.598894,674,1891.58653
6730.224315,561,1896.211499
7096.650944,505,1900.196419
7455.704314,452,1904.815253
3155.154719,407,1908.034792
7539.675586,440,1911.165461
8270.957271,340,1914.098873
7055.954482,507,1918.301639
6865.424046,540,1922.169264
7642.862221,425,1925.766161
7243.385426,483,1929.139627
7712.930093,415,1933.49152
7596.218862,432,1936.625344
6409.505095,615,1940.504674
6901.690445,535,1944.731591
7480.045902,446,1949.440952
6528.885016,595,1953.330447
7667.537047,422,1957.119914
7105.652774,500,1960.582247
7338.456769,469,1965.185067
7243.385426,483,1968.708899
7142.127917,496,1972.29464
7209.752651,488,1975.976478
6857.035088,542,1980.822057
8012.45333,375,1984.274535
7665.602892,420,1987.276506
6967.481208,524,1990.80042
7263.645958,480,1995.52417
6925.205241,530,1999.300857
7687.653907,416,2002.871295
6731.15736,562,2006.46518
7952.593462,383,2011.029145
6991.944415,521,2014.380922
3346.145768,362,2017.748477
6895.291955,536,2021.05357
7650.190684,424,2025.617923
6435.294445,608,2029.375958
7469.629644,450,2033.345658
7150.581584,495,2036.885496
701.786477,230,2040.801436
6920.924353,532,2043.557827
7416.183328,457,2047.265499
7221.364855,486,2050.789308
7273.083368,476,2055.425316
7254.620208,481,2059.01669
7638.924163,426,2062.383712
6806.381691,550,2065.969962
6219.278411,644,2071.464323
7372.734676,464,2075.603893
7209.752651,488,2079.159819
6339.014821,627,2083.395144
6756.131905,558,2088.874153
6415.417555,614,2093.257495
7974.984813,380,2097.019365
7128.610524,500,2100.270599
7518.588206,443,2104.875403
6121.29513,665,2108.984892
5884.702632,708,2114.074
6789.0601,551,2118.8563
6211.959231,649,2124.481448
6570.390673,586,2129.099563
6138.184337,662,2133.758736
7448.407455,450,2137.921336
6626.123006,579,2142.76518
6619.999945,580,2147.058965
7801.727467,403,2150.762962
6468.896608,605,2154.540848
6776.41005,552,2159.947108
0.949203,43,2162.41628
6082.083465,672,2164.958853
7142.989497,498,2169.387479
5927.953024,700,2174.943754
6440.011224,608,2179.84281
7149.635809,497,2183.929194
7379.610848,463,2187.531763
6603.352224,581,2192.431192
300.175318,224,2195.629255
7689.071945,419,2197.982868
7263.645958,480,2201.288867
118.408305,185,2205.029599
6060.61163,673,2208.115553
6991.944415,521,2212.670672
7639.290379,424,2216.226293
6211.891065,646,2221.352452
7582.040607,434,2225.40035
7145.046973,495,2228.838599
1791.552522,305,2231.95931
6158.553286,658,2236.554499
6768.219372,555,2241.140976
6126.919237,664,2245.649261
7076.890647,508,2250.072244
0.0,2002,2261.915846
5377.155144,807,2272.7082
6768.656689,556,2277.873193
7518.588206,443,2281.600209
5685.423914,743,2287.118544
6559.104928,590,2292.085621
0.0,2002,2302.604325
0.0,2002,2319.435416
58.451271,132,2328.90026
6708.953188,563,2331.38234
7462.663498,451,2335.212142
6800.078462,551,2338.95475
6.012821,58,2342.549326
7660.373093,423,2344.25245
8311.227233,336,2347.152082
7121.3991,501,2350.262234
6749.8789,559,2355.255237
352.043213,245,2358.404106
6920.924353,532,2361.255116
611.763916,337,2364.643739
1111.885933,305,2367.870478
6050.919349,677,2371.527939
7803.920232,402,2375.568926
298.969661,212,2377.983385
2045.587623,353,2381.289867
7498.556633,443,2384.219971
5838.2016,714,2388.389024
6953.10937,527,2393.093417
7882.252259,333,2397.435322
106.156061,126,2399.296479
7304.349823,474,2401.398645
7697.688878,415,2404.764417
8133.619327,359,2408.851929
7250.132184,482,2411.93003
7285.302555,476,2415.522957
2393.935399,362,2418.71247
7198.438436,487,2422.925473
7814.002009,401,2426.275626
0.0,2002,2436.513843
0.0,2002,2453.174586
7142.989497,498,2463.847966
7324.793523,471,2467.466552
7989.949743,378,2470.587353
6214.866106,647,2474.367218
7877.636215,392,2479.32098
6200.546729,651,2483.163531
7236.645411,484,2487.41424
7250.132184,482,2490.950086
7937.703171,385,2495.228853
7455.704314,452,2498.353115
3185.775854,374,2501.501386
0.466148,48,2503.28397
6690.108644,567,2506.577267
0.0,2002,2516.89838
7825.92891,399,2526.146696
7489.370571,446,2529.296934
515.372303,174,2532.765485
2129.955048,330,2534.671736
7532.639429,441,2537.509027
551.023104,226,2540.134024
1682.831512,280,2543.025218
1413.059869,217,2544.937396
6831.657736,546,2547.659223
7567.890681,436,2551.401829
766.300963,226,2554.993893
7922.84263,387,2557.264741
651.278414,145,2559.403111
0.0,2002,2567.850881
0.0,2002,2585.423641
0.0,2002,2602.043391
6895.291955,536,2611.85746
7004.941297,519,2615.725204
7136.349828,499,2620.462817
8032.13742,372,2623.710689
8093.581255,363,2626.421991
6940.216049,529,2629.707287
7966.779231,380,2633.730464
7311.157576,473,2636.848128
7757.958501,409,2640.185134
7511.573126,444,2643.302806
7123.090392,501,2647.743774
7356.982783,466,2651.330174
6104.151401,667,2655.521469
7343.251416,468,2659.748451
6731.690952,561,2664.585172
7324.793523,471,2668.398038
7582.040607,434,2671.766225
7826.671559,397,2674.875504
7713.346066,415,2678.949944
7250.132184,482,2682.271518
7937.703171,385,2685.527556
6927.348489,531,2688.912348
7142.08817,496,2693.701951
7056.377271,509,2697.438173
7192.343887,488,2701.152155
7965.530321,381,2704.325077
8198.686117,349,2708.058194
7663.947679,421,2710.876097
8072.793998,367,2713.855527
7848.984112,397,2716.714904
7070.317043,509,2721.037184
7997.5182,375,2724.342332
7129.716795,500,2727.539814
7607.133838,429,2731.063745
8057.663545,369,2735.04957
8027.493272,373,2737.760027
6659.050096,493,2740.924978
7256.885693,481,2744.581729
6863.395303,541,2749.292646
6650.676573,575,2753.411444
7848.984112,397,2756.982667
7565.101887,434,2760.084665
429.329199,193,2763.577227
7812.3309,402,2765.728839
2854.394249,400,2768.762016
0.0,158,2771.043267
7050.363234,510,2774.490074
7770.666853,407,2777.873383
7674.708169,421,2780.991016
7601.936634,431,2784.139019
7176.28762,493,2788.518389
7427.937068,456,2792.011024
7070.317043,509,2795.534988
7732.336039,413,2798.93386
7421.012594,457,2803.122349
7625.678211,426,2806.435793
7805.595289,401,2809.513306
6189.157029,653,2813.64668
8164.214954,355,2818.451707
2557.041204,359,2821.123589
8508.969391,311,2823.640175
7043.435955,510,2826.64626
0.391124,45,2829.625431
7427.937068,456,2831.469187
7586.130064,432,2834.728072
6973.713517,521,2838.244854
7352.733519,464,2842.855174
6553.048852,591,2846.816617
7476.602759,449,2850.6715
7812.3309,402,2853.818613
7498.364635,444,2857.858195
7460.083667,449,2861.116483
7819.646889,401,2864.266086
8050.109659,370,2867.141084
7967.513564,381,2870.884623
6824.923017,545,2874.305954
1243.763713,282,2877.470501
7476.602759,449,2880.182905
6520.67885,595,2884.987616
7566.235395,435,2888.816613
8187.242123,352,2891.746741
6972.497766,524,2894.990214
7434.868471,455,2899.716083
7243.385426,483,2903.123346
7664.921161,421,2906.428433
6468.670993,602,2910.194947
7311.157576,473,2915.196129
7037.54745,514,2918.798078
7236.645411,484,2922.525133
7696.264612,418,2925.86321
424.096058,134,2929.020433
421.498806,148,2930.21617
7156.28877,496,2932.553021
6908.095338,534,2936.397426
6110.063775,667,2941.804678
7067.353838,508,2946.146549
7155.944673,494,2949.850843
6998.439607,520,2953.592149
0.0,470,2958.311989
1908.568172,229,2960.983859
6576.261356,587,2963.954042
7667.537047,422,2967.712271
7837.075671,396,2971.682539
7532.639429,441,2974.753164
7222.852028,486,2978.152442
6916.295589,532,2981.930996
7885.821048,392,2986.373857
7703.464476,417,2989.381013
7434.868471,455,2992.547304
7681.886466,420,2995.805231
7908.01178,389,2999.822534
8125.989523,360,3002.588159
7090.408896,475,3005.690796
7298.998807,472,3009.193636
6829.263865,544,3013.872157
7624.660583,428,3017.451849
7223.185585,486,3020.804443
7670.558587,420,3024.179821
7011.449491,518,3028.571905
359.840375,162,3031.243778
7610.425502,430,3033.400573
7915.423497,388,3036.440067
7338.456769,469,3040.589656
7304.349823,474,3044.083488
8111.249948,361,3047.179356
7732.336039,413,3050.060625
6895.291955,536,3054.514733
0.0,2002,3065.375662
7525.610305,442,3074.683784
7338.456769,469,3077.998505
7149.635809,497,3082.524037
7076.890647,508,3086.21113
2107.481855,252,3089.126528
7739.571992,412,3091.548401
7856.336771,396,3095.478489
7694.820741,417,3098.432555
8073.79983,364,3101.331439
7196.346556,490,3104.410283
754.210331,266,3108.364921
7453.723725,452,3110.92742
7790.42678,405,3114.090152
7434.868471,455,3117.258041
8316.834973,333,3121.197126
51.37405,75,3122.884622
7697.373524,415,3124.642841
8118.367345,361,3127.550588
8015.425184,374,3131.286348
7717.885822,415,3134.193707
7462.663498,451,3137.352191
7633.04157,424,3140.585399
6951.392473,527,3145.110534
7655.779114,423,3148.681278
7129.716795,500,3152.051164
7277.884846,475,3155.646334
7773.583196,407,3159.889309
6237.342823,643,3163.671389
7689.071945,419,3167.649225
3280.35361,508,3171.157464
34.627102,89,3174.638193
843.4674,146,3175.575693
7415.778826,457,3177.677671
3190.525878,379,3180.806752
7631.788807,427,3185.35049
7372.734676,464,3189.034334
6895.291955,536,3192.887987
7103.250895,504,3196.82898
3006.820095,336,3201.116836
4821.778034,470,3204.241462
0.025928,34,3206.350814
7152.01981,494,3208.281035
102.370043,112,3211.761642
7324.793523,471,3213.824141
473.377674,144,3216.263455
7725.107318,414,3218.293394
7631.788807,427,3222.506293
7434.868471,455,3225.764958
7017.964198,517,3229.318768
490.964811,165,3232.006243
7043.200783,513,3235.491636
7415.497244,455,3239.164402
2447.13633,289,3242.073366
6888.899859,537,3245.191514
7324.793523,471,3250.148292
7210.888386,479,3253.704428
7504.565057,445,3257.348299
331.73431,141,3259.708684
7755.835912,408,3262.912359
6712.4919,565,3266.54597
7430.871452,453,3270.56939
7937.703171,385,3273.703201
7395.385644,458,3277.928271
7448.752087,453,3281.312343
2694.784065,406,3284.523812
7400.28067,460,3287.751352
7263.645958,480,3292.325663
8141.256764,358,3295.520605
356.782305,156,3297.584488
7350.234054,467,3299.857522
8193.476133,351,3304.015318
6960.754463,524,3307.195396
7717.885822,415,3310.695397
7554.441237,435,3313.814299
3190.857718,297,3317.659567
7455.704314,452,3320.385045
6998.46225,519,3323.995869
6380.031315,620,3328.216537
7453.21441,451,3333.373961
7359.002943,466,3336.764619
7539.675586,440,3340.132234
8009.202063,375,3343.156548
7291.52635,474,3347.356854
7569.079073,434,3350.725809
7631.788807,427,3353.967837
7582.040607,434,3357.202208
7839.086337,396,3361.320659
6886.629384,535,3364.837939
6730.105605,561,3368.932766
7872.49651,391,3372.566044
8019.969541,374,3376.473354
7624.660583,428,3379.420599
7631.788807,427,3382.647607
6595.56884,584,3386.375563
7633.934501,418,3391.275946
7449.714601,451,3394.471717
6833.861954,545,3398.168863
7233.451265,483,3402.005288
7483.582851,448,3406.506375
7393.558109,459,3409.94549
6643.607522,576,3413.778268
7410.564469,458,3417.662122
7334.289099,468,3422.209909
8287.828666,339,3425.289065
8453.102368,318,3427.734944
7342.906125,466,3430.61076
6675.32855,571,3435.55675
7158.940555,495,3439.549985
7090.057591,506,3443.292772
7324.793523,471,3446.954071
8156.55457,356,3451.224106
7049.951254,509,3454.397474
8023.104732,373,3457.733974
7746.815185,411,3460.623353
7011.449491,518,3465.170995
6946.659486,528,3469.015603
7083.470827,507,3472.876009
7582.040607,434,3476.384223
7021.889182,516,3480.906622
7105.027899,502,3484.626433
7561.690192,434,3488.073693
-0.0,523,3491.668412
7739.571992,412,3496.239133
7116.470612,502,3499.606635
8135.10542,356,3502.833619
7383.038322,462,3505.849966
6717.208448,563,3510.670614
6908.095338,534,3514.741817
7859.357481,393,3518.218892
7462.663498,451,3521.432882
1118.314415,191,3524.996975
6920.924353,532,3527.577453
7518.876713,442,3531.229177
7466.404454,449,3534.610932
7379.610848,463,3539.10311
7624.130038,425,3542.370063
7137.524318,498,3545.817879
7574.962107,435,3549.403439
7717.885822,415,3553.684783
1921.392395,280,3556.327907
7596.218862,432,3558.904735
816.378501,200,3561.39784
7373.685406,461,3564.929832
6589.476318,585,3568.757954
7617.334482,425,3572.618891
7158.414525,486,3576.033924
7532.639429,441,3580.651346
6452.582515,605,3584.552097
6888.899859,537,3588.813027
22.960869,81,3591.330331
7090.057591,506,3594.550602
7539.675586,440,3598.075061
4334.605622,439,3601.339168
6471.663704,602,3605.176904
7096.650944,505,3610.466541
7116.796829,501,3614.186549
7278.245122,477,3617.89848
7574.962107,435,3621.312982
7372.734676,464,3625.829754
7654.488524,421,3629.127977
0.023097,37,3631.058533
6431.344248,611,3633.371895
7936.979578,383,3638.201434
7215.057891,484,3641.428349
7263.645958,480,3644.98731
7356.795816,465,3648.526734
7176.28762,493,3653.153077
7129.716795,500,3656.864376
7209.752651,488,3660.579225
7922.84263,387,3663.920951
7553.769026,438,3668.086643
7324.793523,471,3671.448109
7149.635809,497,3675.055797
7553.769026,438,3678.540541
7169.614669,494,3682.99496
7471.545944,448,3686.487804
7878.438918,393,3689.636728
516.489922,217,3692.020212
7196.346556,490,3695.630239
7345.298646,468,3699.170226
6737.391634,561,3703.046466
7207.90761,486,3706.984961
7819.646889,401,3711.346301
7408.008715,453,3714.510317
7324.793523,471,3717.950144
7070.317043,509,3721.616306
7812.3309,402,3726.044319
7805.022224,403,3729.0301
8079.522668,363,3731.960244
7457.618647,449,3734.960938
7160.055983,493,3739.449153
7130.245494,498,3743.113519
7263.209197,478,3746.762914
7593.166941,431,3750.130471
7277.186786,478,3754.544531
7222.992702,483,3758.130831
7196.346556,490,3761.710286
7405.025508,457,3765.241271
7162.948389,495,3769.717914
7246.198161,480,3773.344249
6781.206548,554,3777.149697
7083.852256,505,3781.147646
7653.216299,424,3785.666445
7427.937068,456,3788.941346
7201.638936,489,3792.458692
8163.398249,353,3795.645599
6869.761881,540,3799.887449
7132.815083,498,3803.732169
7482.570778,447,3807.233702
7083.470827,507,3810.741467
7162.948389,495,3815.546688
7004.941297,519,3819.367353
7725.107318,414,3822.829204
6749.8789,559,3826.423556
1006.194656,263,3831.228667
7624.660583,428,3833.760654
7176.28762,493,3837.175579
7783.139998,406,3840.583092
7392.512915,460,3854.678727
6888.899859,537,3858.351721
7681.886466,420,3861.882835
3985.327756,1143,3869.964539
7797.720854,404,3878.700076
91.922596,94,3880.73389
7605.506664,429,3882.648346
7448.752087,453,3885.887831
7427.937068,456,3890.26333
7539.435405,440,3893.561949
7841.638801,398,3896.694176
7037.54745,514,3900.0855
7567.890681,436,3904.61812
7331.62173,470,3907.9231
6976.335858,520,3911.628997
7115.475085,501,3915.440919
7683.045011,418,3919.919518
6766.953773,555,3923.450768
7393.383838,461,3927.256183
7162.948389,495,3930.780256
7603.31863,431,3935.242103
7109.857448,503,3938.711826
6908.095338,534,3942.517303
7478.230038,446,3946.204651
7561.297808,434,3950.511949
7400.28067,460,3953.809158
7725.107318,414,3957.044359
7699.198714,413,3960.177891
7209.752651,488,3964.591617
253.232978,123,3967.06036
8013.829761,373,3968.873115
7243.164078,483,3972.05326
7393.383838,461,3976.576943
68.864257,89,3978.842565
7843.931347,395,3980.585184
6857.035088,542,3984.038549
7469.629644,450,3996.603217
1943.760308,270,3999.38615
7856.336771,396,4001.800915
7337.399031,467,4005.036066
6936.632627,529,4009.811117
7743.923473,409,4013.304181
7476.602759,449,4016.484634
7775.860498,407,4019.718729
7271.348224,476,4024.126237
6995.361936,519,4027.822014
7819.646889,401,4031.283717
7243.385426,483,4034.573131
7133.782395,499,4039.324237
7813.441991,401,4042.669233
396.351467,132,4044.818428
7476.602759,449,4046.906396
7824.678449,400,4058.928975
8059.8747,367,4061.812574
7241.704752,483,4064.945081
6831.657736,546,4068.798045
714.322221,184,4072.729748
7653.216299,424,4074.894555
7477.072301,447,4078.137124
7427.937068,456,4081.482076
7241.595772,483,4085.981676
907.665423,216,4088.716048
6863.395303,541,4091.396441
6788.171547,550,4095.475394
6940.49983,526,4108.304181
6619.554398,580,4112.406442
7304.349823,474,4116.329091
6866.513743,540,4120.103784
7243.385426,483,4124.996114
7256.885693,481,4128.529161
6664.456881,570,4132.396648
7400.28067,460,4136.232959
7732.336039,413,4140.594308
7270.854497,476,4143.876942
7568.343886,433,4147.244619
6959.565707,526,4150.772502
7790.42678,405,4155.235287
7387.505668,461,4158.440448
7930.269185,386,4161.612105
7133.230987,498,4164.94258
0.0,2002,4176.644692
8004.944632,376,4185.845434
7504.699039,442,4188.857949
7203.046252,489,4192.329366
7430.606287,453,4196.851462
7400.28067,460,4200.236907
122.628943,102,4202.516803
7764.823457,408,4204.313676
7280.063196,476,4208.608697
7768.588274,408,4211.913806
7304.349823,474,4215.157994
7667.537047,422,4218.553552
7761.323319,409,4222.651549
7930.269185,386,4225.597248
6039.471984,678,4229.448832
7574.962107,435,4233.613179
7105.983305,503,4238.055019
7739.571992,412,4241.436033
7057.189541,511,4244.849833
7116.470612,502,4248.60123
7338.456769,469,4253.156069
7744.108513,411,4256.42289
7653.216299,424,4259.462369
7560.826323,437,4262.675642
7082.720871,506,4267.125261
406.494765,130,4269.676407
7574.962107,435,4271.706072
7094.602697,503,4275.176162
7739.571992,412,4279.217157
7421.012594,457,4282.405595
7553.769026,438,4285.733512
6841.427886,544,4289.331534
7523.738533,440,4294.044799
0.0,2002,4304.120496
